pid,titulo,resumo,keywords,ano,idioma,periodico,issn,subject_areas,subject_areas_periodico,FOCO_IA,SUBCAMPO_IA_STRICTO,SUBCAMPO_ML,SUBCAMPO_DL,SUBCAMPO_LLM,SUBCAMPO_CORRELATOS,SUBCAMPOS
S0102-79722022000100212,Psychometric properties of the Chinese version of the trust between People and Automation Scale (TPAS) in Chinese adults,,,2022,en,Psicologia: Reflexão e Crítica,0102-7972,Human Sciences,Human Sciences,Tecnologias IA/ML/DL - Correlato,False,False,False,False,True,"Tecnologias correlatas (robótica, NLP, big data…)"
S0102-79722023000100205,Validity and reliability of the Chinese version of Threats of Artificial Intelligence Scale (TAI) in Chinese adults,,,2023,en,Psicologia: Reflexão e Crítica,0102-7972,Human Sciences,Human Sciences,Tecnologias IA/ML/DL - Foco Central,True,False,False,False,False,IA em sentido estrito
S0102-79722024000100216,Potential suicide risk among the college student population: machine learning approaches for identifying predictors and different students&#8217; risk profiles,,,2024,en,Psicologia: Reflexão e Crítica,0102-7972,Human Sciences,Human Sciences,Tecnologias IA/ML/DL - Foco Central,False,True,False,False,False,Aprendizado de máquina (ML)
S2175-33692021000100244,Demand Forecasting model based on artificial neural networks for Passenger Transportation Projects | Modelo de previsão de demanda baseado em redes neurais artificiais para projetos de transporte de passageiros,,,2021,en,urbe. Revista Brasileira de Gestão Urbana,2175-3369,Applied Social Sciences,Applied Social Sciences,Tecnologias IA/ML/DL - Foco Central,False,False,True,False,False,Aprendizado profundo & redes neurais
S1413-24782024000100239,Tese de doutorado em educação escrita por inteligência artificial? | ¿Tesis de doctorado en educación escrita por la inteligencia artificial? | A PhD dissertation in education written by artificial intelligence?,,,2024,pt,Revista Brasileira de Educação,1413-2478,Human Sciences,Human Sciences,Tecnologias IA/ML/DL - Foco Central,True,False,False,False,False,IA em sentido estrito
S1984-22012022000100233,ENVIRONMENTAL FRAGILITY BY MACHINE LEARNING ALGORITHMS | FRAGILIDADE AMBIENTAL USANDO ALGORITMOS DE APRENDIZADO DE MÁQUINA | FRAGILIDAD AMBIENTAL MEDIANTE ALGORITMOS DE APRENDIZAJE AUTOMÁTICO,,,2022,en,Mercator (Fortaleza),1984-2201,Human Sciences,Human Sciences,Tecnologias IA/ML/DL - Foco Central,False,True,False,False,False,Aprendizado de máquina (ML)
S1984-22012024000100227,"EVALUATION OF DEFORESTATION IN THE MUNICIPALITY OF BRASIL NOVO IN THE STATE OF PARÁ - BRAZIL, USING MACHINE LEARNING TECHNIQUES | AVALIAÇÃO DO DESMATAMENTO NO MUNICÍPIO DE BRASIL NOVO NO ESTADO DO PARÁ - BRASIL, UTILIZANDO TÉCNICAS DE MACHINE LEARNING | EVALUACIÓN DE LA DEFORESTACIÓN EN EL MUNICIPIO DE BRASIL NOVO EN EL ESTADO DE PARÁ - BRASIL, UTILIZANDO TÉCNICAS DE MACHINE LEARNING",,,2024,en,Mercator (Fortaleza),1984-2201,Human Sciences,Human Sciences,Tecnologias IA/ML/DL - Foco Central,False,True,False,False,False,Aprendizado de máquina (ML)
S0104-12902023000300509,Questões da saúde digital para o SUS: a &#8220;saúde móvel&#8221; e a automação algorítmica do saber-poder da medicina | Digital health issues for the SUS: &#8220;mobile health&#8221; and the algorithmic automation of medical knowledge-power,,,2023,pt,Saúde e Sociedade,0104-1290,Health Sciences; Human Sciences,Health Sciences; Human Sciences,Tecnologias IA/ML/DL - Correlato,False,False,False,False,True,"Tecnologias correlatas (robótica, NLP, big data…)"
S2236-46332024000100201,SOBRE BIG DATA E NEOPOSITIVISMO DIGITAL NA PESQUISA EM HISTÓRIA | ABOUT BIG DATA AND DIGITAL NEO-POSITIVISM IN HISTORY RESEARCH,,,2024,pt,Almanack,2236-4633,Human Sciences,Human Sciences,Tecnologias IA/ML/DL - Correlato,False,False,False,False,True,"Tecnologias correlatas (robótica, NLP, big data…)"
S0034-73292021000100202,Artificial Intelligence and International System Structure,,,2021,en,Revista Brasileira de Política Internacional,0034-7329,Human Sciences,Human Sciences,Tecnologias IA/ML/DL - Foco Central,True,False,False,False,False,IA em sentido estrito
S1982-45132024000100214,Extração de Corpo Hídrico Usando uma Cena Sentinel-1 e Redes Neurais Artificiais: Estudo de Caso - Barragem de Carpina-PE | Water Body Extraction Using a Sentinel-1 Scene and Artificial Neural Networks: Case Study - Carpina-PE Dam,,,2024,pt,Sociedade & Natureza,1982-4513,Human Sciences,Human Sciences,Tecnologias IA/ML/DL - Foco Central,False,False,True,False,False,Aprendizado profundo & redes neurais
S2178-28222020000100217,"O Sistema Tecnológico Digital: inteligência artificial, computação em nuvem e Big Data | Digital Technology System: artificial intelligence, cloud computing and Big Data",,,2020,pt,Revista Brasileira de Inovação,2178-2822,Human Sciences,Human Sciences,Tecnologias IA/ML/DL - Foco Central,True,False,False,False,True,"IA em sentido estrito; Tecnologias correlatas (robótica, NLP, big data…)"
S2178-28222022000100217,Running for artificial intelligence policy in G20 Countries - Policy instruments and mixes matters?,,,2022,en,Revista Brasileira de Inovação,2178-2822,Human Sciences,Human Sciences,Tecnologias IA/ML/DL - Foco Central,True,False,False,False,False,IA em sentido estrito
S2178-28222023000100209,Applications of artificial intelligence to combat COVID-19: a technology prospection based on patents,,,2023,en,Revista Brasileira de Inovação,2178-2822,Human Sciences,Human Sciences,Tecnologias IA/ML/DL - Foco Central,True,False,False,False,False,IA em sentido estrito
S0011-52582022000300207,"Unraveling Spatial, Structural, and Social Country-Level Conditions for the Emergence of the Foreign Fighter Phenomenon: An Exploratory Data Mining Approach to the Case Of ISIS | Desvendando as Condições Espaciais, Estruturais e Sociais de Países para o Surgimento do Fenômeno do Combatente Estrangeiro: Uma Abordagem Exploratória do Caso ISIS pela Mineração de Dados | Découvrir les Conditions Spatiales, Structurelles et Sociales des Pays pour L&#8217;Émergence du Phénomène des Combattants Étrangers: Une Approche Exploratoire du Cas ISIS par le Data Mining | Descubriendo las Condiciones Espaciales, Estructurales Y Sociales De Países para la Aparición del Fenómeno del Combatiente Extranjero: Un Enfoque Exploratorio del Caso ISIS por la Minería De Datos",,,2022,en,Dados,0011-5258,Human Sciences,Human Sciences,Tecnologias IA/ML/DL - Correlato,False,False,False,False,True,"Tecnologias correlatas (robótica, NLP, big data…)"
S1984-82342022000300206,Inteligência Artificial e os Riscos Existenciais Reais: Uma Análise das Limitações Humanas de Controle | Artificial intelligence and the real existential risks: an analysis of the human limitations of control,,,2022,pt,Filosofia Unisinos,1984-8234,Human Sciences,Human Sciences,Tecnologias IA/ML/DL - Foco Central,True,False,False,False,False,IA em sentido estrito
S1984-82342024000100809,Reflections on the future of artificial intelligence: an interview with Luciano Floridi | Reflexões sobre o futuro da inteligência artificial: uma entrevista com Luciano Floridi,,,2024,en,Filosofia Unisinos,1984-8234,Human Sciences,Human Sciences,Tecnologias IA/ML/DL - Foco Central,True,False,False,False,False,IA em sentido estrito
S1984-82342024000100804,Logic and foundations of artificial intelligence and society&#8217;s reactions to maximize benefits and mitigate harm | Lógica e fundamentos da inteligência artificial e as reações sociais para maximizar benefícios e mitigar danos,,,2024,en,Filosofia Unisinos,1984-8234,Human Sciences,Human Sciences,Tecnologias IA/ML/DL - Foco Central,True,False,False,False,False,IA em sentido estrito
S1984-82342024000100808,"A decolonial critical theory of artificial intelligence: intersectional egalitarianism, moral alignment, and AI governance | Uma teoria crítica decolonial da inteligência artificial: igualitarismo interseccional, alinhamento moral e governança da IA",,,2024,en,Filosofia Unisinos,1984-8234,Human Sciences,Human Sciences,Tecnologias IA/ML/DL - Foco Central,True,False,False,False,False,IA em sentido estrito
S1984-82342024000100800,Apresentação do dossiê ética da inteligência artificial,,,2024,pt,Filosofia Unisinos,1984-8234,Human Sciences,Human Sciences,Tecnologias IA/ML/DL - Foco Central,True,False,False,False,False,IA em sentido estrito
S1984-82342024000100801,Novos desafios para a educação na Era da Inteligência Artificial | New Challenges for Education in the Age of Artificial Intelligence,,,2024,pt,Filosofia Unisinos,1984-8234,Human Sciences,Human Sciences,Tecnologias IA/ML/DL - Foco Central,True,False,False,False,False,IA em sentido estrito
S0102-30982024000100250,Em busca de novas representações demográficas: O campo de estudos das grades populacionais em tempos de máquinas que aprendem | In search of new demographic representations: the field of population grids in the era of machine learning | En busca de nuevas representaciones demográficas: El campo de estudios de las rejillas poblacionales en la era del aprendizaje automático,,,2024,pt,Revista Brasileira de Estudos de População,0102-3098,Applied Social Sciences,Applied Social Sciences,Tecnologias IA/ML/DL - Foco Central,False,True,False,False,False,Aprendizado de máquina (ML)
S2177-70552022000200209,Inteligência artificial e jurisdição: dever analítico de fundamentação e os limites da substituição dos humanos por algoritmos no campo da tomada de decisão judicial | Artificial intelligence and jurisdiction: analytical duty of grounds and the limits to the substitution of humans by algoritics in the field of judicial decision theory,,,2022,pt,Sequência (Florianópolis),2177-7055,Applied Social Sciences,Applied Social Sciences,Tecnologias IA/ML/DL - Foco Central,True,False,False,False,False,IA em sentido estrito
S2177-70552022000200216,The proposal of the european regulation on artificial intelligence | A proposta europeia de regulação da inteligência artificial,,,2022,en,Sequência (Florianópolis),2177-7055,Applied Social Sciences,Applied Social Sciences,Tecnologias IA/ML/DL - Foco Central,True,False,False,False,False,IA em sentido estrito
S2177-70552023000100208,GPTs e Direito: impactos prováveis das IAs generativas nas atividades jurídicas brasileiras | GPTs and Law: probable impacts of generative AI (Generative Pre-trained Transformer models) on Brazilian Legal activities,,,2023,pt,Sequência (Florianópolis),2177-7055,Applied Social Sciences,Applied Social Sciences,Tecnologias IA/ML/DL - Foco Central,False,False,False,True,False,Modelos de linguagem & IA generativa
S2177-70552023000200301,"O robô supremo: inteligência artificial, empoderamento e controle | Supreme robot: artificial intelligence, empowerment and control",,,2023,pt,Sequência (Florianópolis),2177-7055,Applied Social Sciences,Applied Social Sciences,Tecnologias IA/ML/DL - Foco Central,True,False,False,False,False,IA em sentido estrito
S1519-60892024000100403,Artificial intelligence and society: a preliminary reflection | Inteligência artificial e sociedade: uma reflexão preliminar | Inteligencia artificial y sociedad: una reflexión preliminar,,,2024,en,Civitas - Revista de Ciências Sociais,1519-6089,Human Sciences,Human Sciences,Tecnologias IA/ML/DL - Foco Central,True,False,False,False,False,IA em sentido estrito
S1982-61252024000100303,Inteligência artificial nos estudos e pesquisas em Turismo no Brasil | Artificial intelligence in Tourism studies and research in Brazil | La inteligencia artificial en los estudios e investigaciones sobre turismo en Brasil,,,2024,pt,Revista Brasileira de Pesquisa em Turismo,1982-6125,Applied Social Sciences,Applied Social Sciences,Tecnologias IA/ML/DL - Foco Central,True,False,False,False,False,IA em sentido estrito
S1982-61252024000100404,Caracterização de segmentos e atrativos turísticos por meio da mineração de dados e análise de redes no TripAdvisor | Tourist segment and attraction characterization through data mining and network analysis on TripAdvisor | Caracterización de segmentos y atractivos turísticos mediante minería de datos y análisis de redes en TripAdvisor,,,2024,pt,Revista Brasileira de Pesquisa em Turismo,1982-6125,Applied Social Sciences,Applied Social Sciences,Tecnologias IA/ML/DL - Correlato,False,False,False,False,True,"Tecnologias correlatas (robótica, NLP, big data…)"
S1807-17752022000100307,SOCIAL SCIENCES AND HUMANITIES ON BIG DATA: A BIBLIOMETRIC ANALYSIS,,,2022,en,JISTEM - Journal of Information Systems and Technology Management,1807-1775,Applied Social Sciences,Applied Social Sciences,Tecnologias IA/ML/DL - Correlato,False,False,False,False,True,"Tecnologias correlatas (robótica, NLP, big data…)"
S1807-17752022000100305,THE NEXT GENERATION INTELLIGENT AUTOMATION: HYPERAUTOMATION,,,2022,en,JISTEM - Journal of Information Systems and Technology Management,1807-1775,Applied Social Sciences,Applied Social Sciences,Tecnologias IA/ML/DL - Correlato,False,False,False,False,True,"Tecnologias correlatas (robótica, NLP, big data…)"
S1807-17752022000100312,"EVALUATION OF A PROCESS FOR THE EXPERIMENTAL DEVELOPMENT OF DATA MINING, AI AND DATA SCIENCE APPLICATIONS ALIGNED WITH THE STRATEGIC PLANNING",,,2022,en,JISTEM - Journal of Information Systems and Technology Management,1807-1775,Applied Social Sciences,Applied Social Sciences,Tecnologias IA/ML/DL - Correlato,False,False,False,False,True,"Tecnologias correlatas (robótica, NLP, big data…)"
S0103-37862022000100513,Organização do Conhecimento e suas contribuições em um contexto Big Data | Knowledge organization and its contributions in a Big Data context,,,2022,pt,Transinformação,0103-3786,Applied Social Sciences,Applied Social Sciences,Tecnologias IA/ML/DL - Correlato,False,False,False,False,True,"Tecnologias correlatas (robótica, NLP, big data…)"
S0103-37862023000100508,Arquitetura da Informação Multimodal: contribuições no desenvolvimento de Inteligência Artificial | Multimodal Information Architecture: contribution on Artificial Intelligence developments,,,2023,pt,Transinformação,0103-3786,Applied Social Sciences,Applied Social Sciences,Tecnologias IA/ML/DL - Foco Central,True,False,False,False,False,IA em sentido estrito
S0103-37862024000100514,Inteligência Artificial Generativa e ChatGPT: uma investigação sobre seu potencial na Educação | Generative Artificial Intelligence and ChatGPT: an investigation into perception in Education,,,2024,pt,Transinformação,0103-3786,Applied Social Sciences,Applied Social Sciences,Tecnologias IA/ML/DL - Foco Central,True,False,False,True,False,IA em sentido estrito; Modelos de linguagem & IA generativa
S0103-37862024000100400,Application of topic modelling and neural network analysis to analyze life satisfaction | Aplicação de modelagem de tópicos e análise de redes neurais para analisar a satisfação com a vida,,,2024,en,Transinformação,0103-3786,Applied Social Sciences,Applied Social Sciences,Tecnologias IA/ML/DL - Foco Central,False,False,True,False,False,Aprendizado profundo & redes neurais
S0104-93132024000200201,"Reflexões sobre big data, sexualidades, datificação e moralidades no pornô digital: a &#8220;novinha&#8221; como categoria de classificação e indexação | Reflections on big data, sexualities, datafication and moralities in digital porn: the &#8220;novinha&#8221; as a classification and indexing category | Reflexiones sobre big data, sexualidades, datificación y moralidades en el porno digital: la &#8220;novinha&#8221; como categoría de clasificación e indexación",,,2024,pt,Mana,0104-9313,Human Sciences,Human Sciences,Tecnologias IA/ML/DL - Correlato,False,False,False,False,True,"Tecnologias correlatas (robótica, NLP, big data…)"
S0104-93132024000200203,Quem Precisa de Big Data?: sobre dados e informação na agricultura de precisão | Who needs Big Data?: data and information in precision agriculture | ¿Quién necessita Big Data?: sobre datos e información en la agricultura de precisión?,,,2024,pt,Mana,0104-9313,Human Sciences,Human Sciences,Tecnologias IA/ML/DL - Correlato,False,False,False,False,True,"Tecnologias correlatas (robótica, NLP, big data…)"
S0104-93132024000200200,"Big Data: Modos de fazer, comparar e governar | Big Data: Modos de hacer, comparar y gobernar | Big Data: Ways of doing, comparing and governing",,,2024,pt,Mana,0104-9313,Human Sciences,Human Sciences,Tecnologias IA/ML/DL - Correlato,False,False,False,False,True,"Tecnologias correlatas (robótica, NLP, big data…)"
S0104-71832024000100401,La etnografía no es minería de datos | Ethnography is not data mining,,,2024,es,Horizontes Antropológicos,0104-7183,Human Sciences,Human Sciences,Tecnologias IA/ML/DL - Correlato,False,False,False,False,True,"Tecnologias correlatas (robótica, NLP, big data…)"
S1984-63982022000100181,&#8220;We Can&#8217;t Become Robots who Reproduce Texts&#8221;: Brazilian Students&#8217; Narratives About the Presence of Literature in English Language Classes | &#8220;Não podemos virar robôs que reproduzem texto&#8221;: Narrativas de estudantes brasileiros sobre a presença de literatura nas aulas de língua inglesa,,,2022,en,Revista Brasileira de Linguística Aplicada,1984-6398,"Linguistics, Letters and Arts","Linguistics, Letters and Arts",Tecnologias IA/ML/DL - Correlato,False,False,False,False,True,"Tecnologias correlatas (robótica, NLP, big data…)"
S1413-99362019000400132,Perspectivas jurídicas da relação entre big data e proteção de dados | Legal perspectives regarding big data and data protection&#8217;s relationship,,,2019,pt,Perspectivas em Ciência da Informação,1413-9936,Applied Social Sciences,Applied Social Sciences,Tecnologias IA/ML/DL - Correlato,False,False,False,False,True,"Tecnologias correlatas (robótica, NLP, big data…)"
S1413-99362023000100204,ACTIVITY OF BRAZILIAN TOURISM AGENCIES IN SOCIAL MEDIA: AN ANALYSIS USING NATURAL LANGUAGE PROCESSING | ATIVIDADE DE AGÊNCIAS BRASILEIRAS DE TURISMO NAS REDES SOCIAIS: UMA ANÁLISE UTILIZANDO PROCESSAMENTO DE LINGUAGEM NATURAL,,,2023,en,Perspectivas em Ciência da Informação,1413-9936,Applied Social Sciences,Applied Social Sciences,Tecnologias IA/ML/DL - Correlato,False,False,False,False,True,"Tecnologias correlatas (robótica, NLP, big data…)"
S1413-99362024000100204,INTELIGÊNCIA ARTIFICIAL (IA) GENERATIVA E COMPETÊNCIA EM INFORMAÇÃO: HABILIDADES INFORMACIONAIS NECESSÁRIAS AO USO DE FERRAMENTAS DE IA GENERATIVA EM DEMANDAS INFORMACIONAIS DE NATUREZA ACADÊMICA-CIENTÍFICA | GENERATIVE ARTIFICIAL INTELLIGENCE (IA) AND INFORMATION LITERACY: INFORMATIONAL CAPABILITIES REQUIRED FOR THE USE OF GENERATIVE AI TOOLS FOR INFORMATION REQUIREMENTS OF AN ACADEMIC-SCIENTIFIC NATURE,,,2024,pt,Perspectivas em Ciência da Informação,1413-9936,Applied Social Sciences,Applied Social Sciences,Tecnologias IA/ML/DL - Foco Central,True,False,False,True,False,IA em sentido estrito; Modelos de linguagem & IA generativa
S1517-45222021005700112,Waiting for robots: the ever-elusive myth of automation and the global exploitation of digital labor | À espera de robôs: o mito sempre evasivo da automação e a exploração global do trabalho digital,,,2021,en,Sociologias,1517-4522,Human Sciences,Human Sciences,Tecnologias IA/ML/DL - Correlato,False,False,False,False,True,"Tecnologias correlatas (robótica, NLP, big data…)"
S0104-40602021000100153,Inteligência Artificial e formação danificada: aprendizagem profunda e ética rasa entre professores e alunos | Artificial Intelligence and semi-formation: deep learning and shallow ethics among teachers and students,,,2021,pt,Educar em Revista,0104-4060,Human Sciences,Human Sciences,Tecnologias IA/ML/DL - Foco Central,True,False,True,False,False,Aprendizado profundo & redes neurais; IA em sentido estrito
S2359-56392023000200208,Decisão judicial assistida por inteligência artificial e o Sistema Victor do Supremo Tribunal Federal | Judicial decision-making assisted by artificial intelligence and the Victor System of the Brazilian Federal Supreme Court,,,2023,pt,Revista de Investigações Constitucionais,2359-5639,Applied Social Sciences,Applied Social Sciences,Tecnologias IA/ML/DL - Foco Central,True,False,False,False,False,IA em sentido estrito
S2359-56392023000100203,O uso de inteligência artificial na tomada de decisão judicial | The use of artificial intelligence in judicial decision making,,,2023,pt,Revista de Investigações Constitucionais,2359-5639,Applied Social Sciences,Applied Social Sciences,Tecnologias IA/ML/DL - Foco Central,True,False,False,False,False,IA em sentido estrito
S2359-56392023000300203,A inteligência artificial nos órgãos constitucionais de controle de contas da administração pública brasileira | Artificial intelligence in the constitutional accounting control bodies of Brazilian public administration,,,2023,pt,Revista de Investigações Constitucionais,2359-5639,Applied Social Sciences,Applied Social Sciences,Tecnologias IA/ML/DL - Foco Central,True,False,False,False,False,IA em sentido estrito
S1517-97022024000100849,Automação na educação: caminhos da discussão sobre a inteligência artificial | Automation in education: trending issues concerning Artificial Intelligence,,,2024,pt,Educação e Pesquisa,1517-9702,Human Sciences,Human Sciences,Tecnologias IA/ML/DL - Foco Central,True,False,False,False,True,"IA em sentido estrito; Tecnologias correlatas (robótica, NLP, big data…)"
S1678-765X2020000100327,PÓS-HUMANISMO E PÓS-HUMANO revisão sistemática em bases científicas | Posthumanism and posthuman systematic review on scientific bases,,,2020,pt,RDBCI: Revista Digital de Biblioteconomia e Ciência da Informação,1678-765X,Applied Social Sciences,Applied Social Sciences,Tecnologias IA/ML/DL - Correlato,False,False,False,False,True,"Tecnologias correlatas (robótica, NLP, big data…)"
S1678-765X2023000100301,Uma proposta de arquitetura da informação aplicada ao processamento de linguagem natural: contribuições da Ciência da Informação no pré-processamento de dados para treinamento e aprendizado de redes neurais artificiais | Information architecture applied on natural language processing: a proposal. Information Science contributions on data pre-processing for training and learning of artificial neural networks,,,2023,pt,RDBCI: Revista Digital de Biblioteconomia e Ciência da Informação,1678-765X,Applied Social Sciences,Applied Social Sciences,Tecnologias IA/ML/DL - Foco Central,False,False,True,False,True,"Aprendizado profundo & redes neurais; Tecnologias correlatas (robótica, NLP, big data…)"
S0104-40362021000400975,O desafio das tecnologias de inteligência artificial na Educação: percepção e avaliação dos professores | The challenge of artificial intelligence technologies in Education: teachers&#8217; perception and evaluation | El desafío de las tecnologías de inteligencia artificial en Educación: percepción y evaluación de los profesores,,,2021,pt,Ensaio: Avaliação e Políticas Públicas em Educação,0104-4036,Human Sciences,Human Sciences,Tecnologias IA/ML/DL - Foco Central,True,False,False,False,False,IA em sentido estrito
S0104-40362022000300669,Pode a inteligência artificial apoiar ações contra evasão escolar universitária? | May Artificial Intelligence support actions against school dropout? | ¿Puede la inteligencia artificial apoyar acciones contra la deserción escolar universitaria?,,,2022,pt,Ensaio: Avaliação e Políticas Públicas em Educação,0104-4036,Human Sciences,Human Sciences,Tecnologias IA/ML/DL - Foco Central,True,False,False,False,False,IA em sentido estrito
S1983-36522021000300209,Matemática e Física em experiências de Robótica Livre: explorando o sensor ultrassônico | Mathematics and Physics in Free Robotics experiments: exploring the ultrasonic sensor,,,2021,pt,Texto Livre,1983-3652,"Human Sciences; Linguistics, Letters and Arts","Human Sciences; Linguistics, Letters and Arts",Tecnologias IA/ML/DL - Correlato,False,False,False,False,True,"Tecnologias correlatas (robótica, NLP, big data…)"
S1983-36522021000100701,Explorando a matemática e a física com o robô seguidor de linha na perspectiva da robótica livre | Exploring mathematics and physics with line follower robot from the perspective of free robotics,,,2021,pt,Texto Livre,1983-3652,"Human Sciences; Linguistics, Letters and Arts","Human Sciences; Linguistics, Letters and Arts",Tecnologias IA/ML/DL - Correlato,False,False,False,False,True,"Tecnologias correlatas (robótica, NLP, big data…)"
S1983-36522022000100239,"Do contato entre a Literatura, a Linguística de Corpus e o Processamento de Língua Natural: o caso dos anagramáticos de Guimarães Rosa | From the contact between Literature, Corpus Linguistics and Natural Language Processing: the case of the anagrammatics of Guimarães Rosa",,,2022,pt,Texto Livre,1983-3652,"Human Sciences; Linguistics, Letters and Arts","Human Sciences; Linguistics, Letters and Arts",Tecnologias IA/ML/DL - Correlato,False,False,False,False,True,"Tecnologias correlatas (robótica, NLP, big data…)"
S1983-36522023000100205,Are educational robots any good for communicative English learning for primary school students? | Os robôs educacionais são bons para o aprendizado comunicativo de inglês para alunos do ensino fundamental?,,,2023,en,Texto Livre,1983-3652,"Human Sciences; Linguistics, Letters and Arts","Human Sciences; Linguistics, Letters and Arts",Tecnologias IA/ML/DL - Correlato,False,False,False,False,True,"Tecnologias correlatas (robótica, NLP, big data…)"
S1983-36522023000100203,Uso de los algoritmos Machine Learning para analizar Moodle y los teléfonos inteligentes en el proceso educativo de la Física | Uso dos algoritmos Machine Learning para analisar o Moodle e os telefones inteligentes no processo educativo da Física | Use of Machine Learning algorithms to analyze Moodle and smartphones in the educational process of Physics,,,2023,es,Texto Livre,1983-3652,"Human Sciences; Linguistics, Letters and Arts","Human Sciences; Linguistics, Letters and Arts",Tecnologias IA/ML/DL - Foco Central,False,True,False,False,False,Aprendizado de máquina (ML)
S1983-36522023000100224,A inteligência artificial na educação: os desafios do ChatGPT | Artificial intelligence in education: the challenges of ChatGPT,,,2023,pt,Texto Livre,1983-3652,"Human Sciences; Linguistics, Letters and Arts","Human Sciences; Linguistics, Letters and Arts",Tecnologias IA/ML/DL - Foco Central,True,False,False,True,False,IA em sentido estrito; Modelos de linguagem & IA generativa
S1983-36522024000101002,Densidade lexical em textos gerados pelo ChatGPT: implicações da inteligência artificial para a escrita em línguas adicionais | Lexical density in texts generated by ChatGPT: implications of artificial intelligence for writing in additional languages,,,2024,pt,Texto Livre,1983-3652,"Human Sciences; Linguistics, Letters and Arts","Human Sciences; Linguistics, Letters and Arts",Tecnologias IA/ML/DL - Foco Central,True,False,False,True,False,IA em sentido estrito; Modelos de linguagem & IA generativa
S1983-36522024000100209,Artificial intelligence-generated Arabic subtitles: insights from Veed.io&#8217;s automatic speech recognition system of Jordanian Arabic | Legendas em árabe geradas por inteligência artificial: insights do sistema de reconhecimento automático de fala do árabe jordaniano da Veed.io,,,2024,en,Texto Livre,1983-3652,"Human Sciences; Linguistics, Letters and Arts","Human Sciences; Linguistics, Letters and Arts",Tecnologias IA/ML/DL - Foco Central,True,False,False,False,False,IA em sentido estrito
S1983-36522024000100216,Creación y jueceo de ítems: ChatGPT como diseñador y juez | Criação e julgamento de itens: ChatGPT como designer e juiz | Item creation and judging: ChatGPT as designer and judge,,,2024,es,Texto Livre,1983-3652,"Human Sciences; Linguistics, Letters and Arts","Human Sciences; Linguistics, Letters and Arts",Tecnologias IA/ML/DL - Foco Central,False,False,False,True,False,Modelos de linguagem & IA generativa
S1518-76322004000100441,SIMULAÇÕES CONEXIONISTAS: A INTELIGÊNCIA ARTIFICIAL MODERNA | CONNECTIONIST SIMULATIONS: THE MODERN ARTIFICIAL INTELLIGENCE | SIMULATIONS CONNEXIONNISTES: L&#8217;INTELLIGENCE ARTIFICIELLE MODERNE | SIMULACIÓN CONEXIONISTAS: LA INTELIGENCIA ARTIFICIAL MODERNA,,,2004,pt,Linguagem em (Dis)curso,1518-7632,"Linguistics, Letters and Arts","Linguistics, Letters and Arts",Tecnologias IA/ML/DL - Foco Central,True,False,False,False,False,IA em sentido estrito
S1982-89182024000100203,INTELIGENCIA ARTIFICIAL EN EL DEPORTE: UNA TECNOLOGÍA REVOLUCIONARIA QUE DEBE MANEJARSE CON CUIDADO | INTELIGÊNCIA ARTIFICIAL NO ESPORTE: UMA TECNOLOGIA REVOLUCIONÁRIA QUE DEVE SER MANUSEADA COM CUIDADO | ARTIFICIAL INTELLIGENCE IN SPORTS: A REVOLUTIONARY TECHNOLOGY THAT MUST BE HANDLED WITH CARE,,,2024,es,Movimento,1982-8918,Health Sciences; Human Sciences,Health Sciences; Human Sciences,Tecnologias IA/ML/DL - Foco Central,True,False,False,False,False,IA em sentido estrito
S1678-69712021000600701,THE ROLE OF BIG DATA STEWARDSHIP AND ANALYTICS AS ENABLERS OF CORPORATE PERFORMANCE MANAGEMENT | O PAPEL DA ADMINISTRAÇÃO E ANÁLISE DE BIG DATA COMO HABILITADORAS DA GESTÃO DO DESEMPENHO CORPORATIVO,,,2021,en,RAM. Revista de Administração Mackenzie,1678-6971,Applied Social Sciences,Applied Social Sciences,Tecnologias IA/ML/DL - Correlato,False,False,False,False,True,"Tecnologias correlatas (robótica, NLP, big data…)"
S1678-69712022000400202,Artificial intelligence and internet of things adoption in operations management: Barriers and benefits | Barreiras e benefícios na adoção de inteligência artificial e IoT na gestão da operação,,,2022,en,RAM. Revista de Administração Mackenzie,1678-6971,Applied Social Sciences,Applied Social Sciences,Tecnologias IA/ML/DL - Foco Central,True,False,False,False,False,IA em sentido estrito
S1678-69712022000600705,Customer satisfaction in service delivery with artificial intelligence: A meta-analytic study | Satisfação do cliente na prestação de serviços com inteligência artificial: Um estudo meta-analítico,,,2022,en,RAM. Revista de Administração Mackenzie,1678-6971,Applied Social Sciences,Applied Social Sciences,Tecnologias IA/ML/DL - Foco Central,True,False,False,False,False,IA em sentido estrito
S1678-69712024000600702,Gender bias in large language models: A job postings analysis | Viés de gênero em large language models: Uma análise em descrições de emprego,,,2024,en,RAM. Revista de Administração Mackenzie,1678-6971,Applied Social Sciences,Applied Social Sciences,Tecnologias IA/ML/DL - Foco Central,False,False,False,True,False,Modelos de linguagem & IA generativa
S1678-69712024000600701,The future avenues of artificial intelligence and decision-making in business management | Os futuros caminhos da inteligência artificial e da tomada de decisão na gestão empresarial,,,2024,en,RAM. Revista de Administração Mackenzie,1678-6971,Applied Social Sciences,Applied Social Sciences,Tecnologias IA/ML/DL - Foco Central,True,False,False,False,False,IA em sentido estrito
S1678-69712024000600706,The (lack of) ethics at generative AI in Business Management education and research | A (falta da) ética na inteligência artificial generativa no ensino e pesquisa em Administração,,,2024,en,RAM. Revista de Administração Mackenzie,1678-6971,Applied Social Sciences,Applied Social Sciences,Tecnologias IA/ML/DL - Foco Central,True,False,False,True,False,IA em sentido estrito; Modelos de linguagem & IA generativa
S1678-69712024000600705,Large Language Models (LLMs): A systematic study in Administration and Business | Large Language Models (LLMs): Um estudo sistemático em Administração e Negócios,,,2024,en,RAM. Revista de Administração Mackenzie,1678-6971,Applied Social Sciences,Applied Social Sciences,Tecnologias IA/ML/DL - Foco Central,False,False,False,True,False,Modelos de linguagem & IA generativa
S1678-69712024000600707,Exploring the frontier of language-associated artificial intelligence in management,,,2024,en,RAM. Revista de Administração Mackenzie,1678-6971,Applied Social Sciences,Applied Social Sciences,Tecnologias IA/ML/DL - Foco Central,True,False,False,False,False,IA em sentido estrito
S1518-29242023000100203,ESTUDO CIENTOMÉTRICO DA ATIVIDADE ACADÊMICA SOBRE AS TEMÁTICAS DE HUMANIDADES DIGITAIS E BIG DATA NAS UNIVERSIDADES ESTADUAIS PAULISTAS | Scientometric study of scholarly activity on the themes of digital humanities and big data at São Paulo state universities,,,2023,pt,Encontros Bibli,1518-2924,Applied Social Sciences,Applied Social Sciences,Tecnologias IA/ML/DL - Correlato,False,False,False,False,True,"Tecnologias correlatas (robótica, NLP, big data…)"
S1518-29242023000100201,AUTOMAÇÃO DA INDEXAÇÃO: EVIDÊNCIAS E TENDÊNCIAS DA PRODUÇÃO CIENTÍFICA INDEXADA NA BRAPCI | Automatic of Indexing: evidence and trends of scientific production indexed in the Brapci,,,2023,pt,Encontros Bibli,1518-2924,Applied Social Sciences,Applied Social Sciences,Tecnologias IA/ML/DL - Correlato,False,False,False,False,True,"Tecnologias correlatas (robótica, NLP, big data…)"
S1518-29242023000100220,"ANALYSIS OF FACTORS INFLUENCING THE TRUST LEVELS OF KYRGYZSTAN RESIDENTS, USING NEURAL NETWORK ANALYSIS | Análise dos fatores que influenciam os níveis de confiança dos residentes do Quirguistão, usando análise de rede neural",,,2023,en,Encontros Bibli,1518-2924,Applied Social Sciences,Applied Social Sciences,Tecnologias IA/ML/DL - Foco Central,False,False,True,False,False,Aprendizado profundo & redes neurais
S1518-29242024000100500,TERMINOLOGIA DE INTERFACE: PROCESSAMENTO DE LINGUAGEM NATURAL DE DADOS CLÍNICOS EM NARRATIVAS DO PRONTUÁRIO ELETRÔNICO DO PACIENTE | Interface terminology: Natural language processing of clinical data in Electronic Health Record narratives,,,2024,pt,Encontros Bibli,1518-2924,Applied Social Sciences,Applied Social Sciences,Tecnologias IA/ML/DL - Correlato,False,False,False,False,True,"Tecnologias correlatas (robótica, NLP, big data…)"
S1808-23862021000600624,Insolvency in Brazilian Football Clubs: Proposition of Models Based on Neural Networks | Insolvência em Clubes de Futebol Brasileiros: Proposição de Modelos Baseados em Redes Neurais,,,2021,en,BBR. Brazilian Business Review,1808-2386,Applied Social Sciences,Applied Social Sciences,Tecnologias IA/ML/DL - Foco Central,False,False,True,False,False,Aprendizado profundo & redes neurais
S1808-23862024000100204,Artificial Intelligence Applied to Assess Perceptions of the Quality of E-Commerce Logistics: Case Study of Rio de Janeiro | Inteligência Artificial Aplicada para Avaliação da Percepção da Qualidade da Logística do E-Commerce: O Caso do Rio de Janeiro,,,2024,en,BBR. Brazilian Business Review,1808-2386,Applied Social Sciences,Applied Social Sciences,Tecnologias IA/ML/DL - Foco Central,True,False,False,False,False,IA em sentido estrito
S2525-510X2021000301897,Inteligencia artificial y tutela cautelar. Especial referencia a la prisión provisional | Artificial intelligence and precautionary guardianship. Special reference to pre-trial detention,,,2021,es,Revista Brasileira de Direito Processual Penal,2525-510X,Applied Social Sciences,Applied Social Sciences,Tecnologias IA/ML/DL - Foco Central,True,False,False,False,False,IA em sentido estrito
S2525-510X2022000200767,Processo Penal e Inteligência Artificial: Rumo a um Direito (Processual) Penal da Segurança Máxima? | Criminal Procedure Law and Artificial Intelligence: Towards a Criminal (Procedure) Law of Maximum Security? | &#38988;&#30446;&#65306;&#21009;&#20107;&#35380;&#35359;&#27861;&#33287;&#20154;&#24037;&#26234;&#33021;&#65306;&#36993;&#21521;&#21009;&#20107;&#65288;&#35380;&#35359;&#65289;&#27861;&#30340;&#26368;&#22823;&#23433;&#20840; &#24615;&#65311;,,,2022,pt,Revista Brasileira de Direito Processual Penal,2525-510X,Applied Social Sciences,Applied Social Sciences,Tecnologias IA/ML/DL - Foco Central,True,False,False,False,False,IA em sentido estrito
S2525-510X2023000200723,Corporate Internal Investigations 4.0: on the criminal procedural aspects of applying artificial intelligence in the reactive corporate compliance | Investigações internas corporativas 4.0: sobre os aspectos processuais penais da aplicação da inteligência artificial no âmbito reativo do compliance,,,2023,en,Revista Brasileira de Direito Processual Penal,2525-510X,Applied Social Sciences,Applied Social Sciences,Tecnologias IA/ML/DL - Foco Central,True,False,False,False,False,IA em sentido estrito
S2525-510X2023000301047,Editorial &#8211; Inteligência artificial e coautoria de trabalhos científicos: discussões sobre utilização de ChatGPT em pesquisa e redação científicas | Editorial &#8211; Artificial intelligence and co-authorship of scientific manuscripts: discussions about using ChatGPT in scientific research and writing,,,2023,pt,Revista Brasileira de Direito Processual Penal,2525-510X,Applied Social Sciences,Applied Social Sciences,Tecnologias IA/ML/DL - Foco Central,True,False,False,True,False,IA em sentido estrito; Modelos de linguagem & IA generativa
S2525-510X2024000201401,El proceso penal mediado por inteligencia artificial | The criminal process mediated by artificial intelligence,,,2024,es,Revista Brasileira de Direito Processual Penal,2525-510X,Applied Social Sciences,Applied Social Sciences,Tecnologias IA/ML/DL - Foco Central,True,False,False,False,False,IA em sentido estrito
S0103-63512021000300981,"Big data, rastreabilidade e assimetrias de informação: opacidade, ingerência e democracia | Big Data, Traceability and Information Asymmetries: Opacity, Interference and Democracy",,,2021,pt,Nova Economia,0103-6351,Applied Social Sciences,Applied Social Sciences,Tecnologias IA/ML/DL - Correlato,False,False,False,False,True,"Tecnologias correlatas (robótica, NLP, big data…)"
S0103-63512022000100157,Automation and job loss: the Brazilian case | Automação e perda de empregos: o caso brasileiro,,,2022,en,Nova Economia,0103-6351,Applied Social Sciences,Applied Social Sciences,Tecnologias IA/ML/DL - Correlato,False,False,False,False,True,"Tecnologias correlatas (robótica, NLP, big data…)"
S2179-89662024000400226,"Inteligência artificial: promessas, riscos e regulação. Algo de novo debaixo do sol | Artificial Intelligence: Promises, Risks and Regulation. Something New Under the Sun",,,2024,pt,Revista Direito e Práxis,2179-8966,Applied Social Sciences,Applied Social Sciences,Tecnologias IA/ML/DL - Foco Central,True,False,False,False,False,IA em sentido estrito
S0100-15742021000100206,PROPÓSITOS DE LA EDUCACIÓN FRENTE A DESARROLLOS DE INTELIGENCIA ARTIFICIAL | PROPÓSITOS DA EDUCAÇÃO PERANTE OS DESENVOLVIMENTOS DE INTELIGÊNCIA ARTIFICIAL | LES OBJECTIFS DE L&#8217;ÉDUCATION ET LE DÉVELOPPEMENT DE L&#8217;INTELLIGENCE ARTIFICIELLE | PURPOSES OF EDUCATION ALONG WITH ARTIFICIAL INTELLIGENCE DEVELOPMENTS,,,2021,es,Cadernos de Pesquisa,0100-1574,Human Sciences,Human Sciences,Tecnologias IA/ML/DL - Foco Central,True,False,False,False,False,IA em sentido estrito
S1808-24322021000100200,Un estudio sobre la posibilidad de aplicar la inteligencia artificial en las decisiones judiciales | A STUDY ON THE POSSIBILITY OF APPLYING ARTIFICIAL INTELLIGENCE IN JUDICIAL DECISIONS | UM ESTUDO SOBRE A POSSIBILIDADE DE APLICAÇÃO DA INTELIGÊNCIA ARTIFICIAL EM DECISÕES JUDICIAIS,,,2021,es,Revista Direito GV,1808-2432,Applied Social Sciences,Applied Social Sciences,Tecnologias IA/ML/DL - Foco Central,True,False,False,False,False,IA em sentido estrito
S1808-24322022000100208,Contratos inteligentes y automatización como desarrollos aplicados del legaltech en Colombia | SMART CONTRACTS AND AUTOMATION AS APPLIED DEVELOPMENTS OF LEGALTECH IN COLOMBIA | CONTRATOS INTELIGENTES E AUTOMAÇÃO COMO DESENVOLVIMENTOS DE LEGALTECH APLICADOS NA COLÔMBIA,,,2022,es,Revista Direito GV,1808-2432,Applied Social Sciences,Applied Social Sciences,Tecnologias IA/ML/DL - Correlato,False,False,False,False,True,"Tecnologias correlatas (robótica, NLP, big data…)"
S1806-48922024000100507,Effects of big data capability on sustainable manufacturing and circular economy in Brazilian industries,,,2024,en,Revista Brasileira de Gestão de Negócios,1806-4892,Applied Social Sciences,Applied Social Sciences,Tecnologias IA/ML/DL - Correlato,False,False,False,False,True,"Tecnologias correlatas (robótica, NLP, big data…)"
S2236-99962022000300989,La utilidad del Big Data en las estadísticas públicas y empresas privadas | The utility of Big Data in public statistics and private companies,,,2022,es,Cadernos Metrópole,2236-9996,Applied Social Sciences,Applied Social Sciences,Tecnologias IA/ML/DL - Correlato,False,False,False,False,True,"Tecnologias correlatas (robótica, NLP, big data…)"
S0104-44782022000100202,A economia política da inteligência artificial: o caso da Alemanha | The political economy of artificial intelligence: the case of Germany,,,2022,pt,Revista de Sociologia e Política,0104-4478,Human Sciences,Human Sciences,Tecnologias IA/ML/DL - Foco Central,True,False,False,False,False,IA em sentido estrito
S0104-44782024000100203,ChatGPT e outras IAs transformarão a pesquisa científica: reflexões sobre seus usos | ChatGPT and other artificial intelligences will transform scientific research: reflections on their uses,,,2024,pt,Revista de Sociologia e Política,0104-4478,Human Sciences,Human Sciences,Tecnologias IA/ML/DL - Foco Central,False,False,False,True,False,Modelos de linguagem & IA generativa
S0100-512X2023000100075,INTELIGÊNCIA ARTIFICIAL E ÉTICA: UM DIÁLOGO COM LIMA VAZ | ARTIFICIAL INTELLIGENCE AND ETHICS: A DIALOGUE WITH LIMA VAZ,,,2023,pt,Kriterion: Revista de Filosofia,0100-512X,Human Sciences,Human Sciences,Tecnologias IA/ML/DL - Foco Central,True,False,False,False,False,IA em sentido estrito
S0101-31572022000401014,Artificial Intelligence and employment: a systematic review | Inteligência Artificial e emprego: uma revisão sistemática,,,2022,en,Brazilian Journal of Political Economy,0101-3157,Applied Social Sciences; Human Sciences,Applied Social Sciences; Human Sciences,Tecnologias IA/ML/DL - Foco Central,True,False,False,False,False,IA em sentido estrito
S0101-31571992000100149,Robótica na Coréia do Sul | Robotics in South Korea,,,1992,pt,Brazilian Journal of Political Economy,0101-3157,Applied Social Sciences; Human Sciences,Applied Social Sciences; Human Sciences,Tecnologias IA/ML/DL - Correlato,False,False,False,False,True,"Tecnologias correlatas (robótica, NLP, big data…)"
S0101-31571990000300366,O impacto da automação microeletrônica na organização do trabalho em duas montadoras brasileiras | The impact of microelectronic automation in the organization of labor in two Brazilian assembly-factories,,,1990,pt,Brazilian Journal of Political Economy,0101-3157,Applied Social Sciences; Human Sciences,Applied Social Sciences; Human Sciences,Tecnologias IA/ML/DL - Correlato,False,False,False,False,True,"Tecnologias correlatas (robótica, NLP, big data…)"
S0101-31571986000300406,Microeletrônica e automação: a nova fase da indústria automobilística brasileira | Microelectronic and automation: the new phase of the Brazilian automotive industry,,,1986,pt,Brazilian Journal of Political Economy,0101-3157,Applied Social Sciences; Human Sciences,Applied Social Sciences; Human Sciences,Tecnologias IA/ML/DL - Correlato,False,False,False,False,True,"Tecnologias correlatas (robótica, NLP, big data…)"
S0101-31572025000100208,Artificial Intelligence in the development strategy of contemporary China | Inteligência artificial na estratégia de desenvolvimento da China contemporânea,,,2025,en,Brazilian Journal of Political Economy,0101-3157,Applied Social Sciences; Human Sciences,Applied Social Sciences; Human Sciences,Tecnologias IA/ML/DL - Foco Central,True,False,False,False,False,IA em sentido estrito
S1984-92302023000300388,"Artificial Intelligence, ChatGPT and Organizational Studies | Inteligência Artificial, ChatGPT e Estudos Organizacionais",,,2023,en,Organizações & Sociedade,1984-9230,Applied Social Sciences,Applied Social Sciences,Tecnologias IA/ML/DL - Foco Central,True,False,False,True,False,IA em sentido estrito; Modelos de linguagem & IA generativa
S1982-25532024000100400,Modelo da Enunciação Algorítmica Marcária: a inteligência artificial e os algoritmos como actantes da enunciação publicitária de marca | Algorithmic Brand Enunciation Model: artificial intelligence and algorithms as actants of the advertising enunciation,,,2024,pt,Galáxia (São Paulo),1982-2553,Applied Social Sciences,Applied Social Sciences,Tecnologias IA/ML/DL - Foco Central,True,False,False,False,False,IA em sentido estrito
S1982-25532024000100311,Do big data ao enunciado em This Person Does Not Exist: a questão da colocação em discurso | From big data to enunciation in This Person Does Not Exist: the issue of discourse placement,,,2024,pt,Galáxia (São Paulo),1982-2553,Applied Social Sciences,Applied Social Sciences,Tecnologias IA/ML/DL - Correlato,False,False,False,False,True,"Tecnologias correlatas (robótica, NLP, big data…)"
S1982-25532024000100500,Há como deter o ChatGPT? Uma resenha da obra de Lúcia Santaella,,,2024,es,Galáxia (São Paulo),1982-2553,Applied Social Sciences,Applied Social Sciences,Tecnologias IA/ML/DL - Foco Central,False,False,False,True,False,Modelos de linguagem & IA generativa
S1982-25532024000100329,Inteligência artificial e jornalismo: alianças possíveis para traduções além do humano | Artificial intelligence and journalism: possible alliances for translations beyond human,,,2024,pt,Galáxia (São Paulo),1982-2553,Applied Social Sciences,Applied Social Sciences,Tecnologias IA/ML/DL - Foco Central,True,False,False,False,False,IA em sentido estrito
S1807-76922023000400101,Artificial Intelligence and Academic Journals: For Better and for Worse,,,2023,en,BAR - Brazilian Administration Review,1807-7692,Applied Social Sciences,Applied Social Sciences,Tecnologias IA/ML/DL - Foco Central,True,False,False,False,False,IA em sentido estrito
S2175-79682024000100230,The potential of ChatGPT in translation evaluation: A case study of the Chinese-Portuguese machine translation,,,2024,en,Cadernos de Tradução,2175-7968,"Linguistics, Letters and Arts","Linguistics, Letters and Arts",Tecnologias IA/ML/DL - Foco Central,False,False,False,True,False,Modelos de linguagem & IA generativa
S2175-79682024000100233,Traducción literaria e inteligencia artificial: consideraciones para la formación universitaria | Literary translation and artificial intelligence: Thoughts on university education,,,2024,es,Cadernos de Tradução,2175-7968,"Linguistics, Letters and Arts","Linguistics, Letters and Arts",Tecnologias IA/ML/DL - Foco Central,True,False,False,False,False,IA em sentido estrito
S2531-04882023000300249,One-way road: the impact of artificial intelligence on the development of knowledge in management,,,2023,en,RAUSP Management Journal,2531-0488,Applied Social Sciences,Applied Social Sciences,Tecnologias IA/ML/DL - Foco Central,True,False,False,False,False,IA em sentido estrito
S1519-70772023000200504,Institutional pressures on setting up big data analytics capability | Pressões institucionais na configuração da capacidade de análise de big data,,,2023,en,Revista Contabilidade & Finanças,1519-7077,Applied Social Sciences,Applied Social Sciences,Tecnologias IA/ML/DL - Correlato,False,False,False,False,True,"Tecnologias correlatas (robótica, NLP, big data…)"
S0103-40142021000100021,"Inteligência Artificial: riscos, benefícios e uso responsável",,,2021,pt,Estudos Avançados,0103-4014,Human Sciences,Human Sciences,Tecnologias IA/ML/DL - Foco Central,True,False,False,False,False,IA em sentido estrito
S0103-40142021000100051,Inteligência Artificial e os rumos do processamento do português brasileiro,,,2021,pt,Estudos Avançados,0103-4014,Human Sciences,Human Sciences,Tecnologias IA/ML/DL - Foco Central,True,False,False,False,False,IA em sentido estrito
S0103-40142021000100007,No canal da Inteligência Artificial - Nova temporada de desgrenhados e empertigados,,,2021,pt,Estudos Avançados,0103-4014,Human Sciences,Human Sciences,Tecnologias IA/ML/DL - Foco Central,True,False,False,False,False,IA em sentido estrito
S0103-40142021000100003,Inteligência Artificial,,,2021,pt,Estudos Avançados,0103-4014,Human Sciences,Human Sciences,Tecnologias IA/ML/DL - Foco Central,True,False,False,False,False,IA em sentido estrito
S0103-40142021000100073,Influências das Tecnologias da Inteligência Artificial no ensino,,,2021,pt,Estudos Avançados,0103-4014,Human Sciences,Human Sciences,Tecnologias IA/ML/DL - Foco Central,True,False,False,False,False,IA em sentido estrito
S0103-40142021000100037,Inteligência Artificial e sociedade: avanços e riscos,,,2021,pt,Estudos Avançados,0103-4014,Human Sciences,Human Sciences,Tecnologias IA/ML/DL - Foco Central,True,False,False,False,False,IA em sentido estrito
S0103-40142021000100085,Inteligência Artificial e Aprendizado de Máquina: estado atual e tendências,,,2021,pt,Estudos Avançados,0103-4014,Human Sciences,Human Sciences,Tecnologias IA/ML/DL - Foco Central,True,True,False,False,False,Aprendizado de máquina (ML); IA em sentido estrito
S0103-40142021000100113,A Inteligência Artificial e os desafios da Ciência Forense Digital no século XXI,,,2021,pt,Estudos Avançados,0103-4014,Human Sciences,Human Sciences,Tecnologias IA/ML/DL - Foco Central,True,False,False,False,False,IA em sentido estrito
S0103-40142023000100387,A Inteligência Artificial na divisão leste-oeste,,,2023,pt,Estudos Avançados,0103-4014,Human Sciences,Human Sciences,Tecnologias IA/ML/DL - Foco Central,True,False,False,False,False,IA em sentido estrito
S0103-40142024000200327,Tomada de decisão nas organizações: o que muda com a Inteligência Artificial?,,,2024,pt,Estudos Avançados,0103-4014,Human Sciences,Human Sciences,Tecnologias IA/ML/DL - Foco Central,True,False,False,False,False,IA em sentido estrito
S0103-40142024000200381,Inteligência Artificial explicável para atenuar a falta de transparência e a legitimidade na moderação da Internet | Explainable AI to Mitigate the Lack of Transparency and Legitimacy in Internet Moderation,,,2024,pt,Estudos Avançados,0103-4014,Human Sciences,Human Sciences,Tecnologias IA/ML/DL - Foco Central,True,False,False,False,False,IA em sentido estrito
S0103-40142024000200407,Democracia aumentada: Inteligência Artificial como ferramenta de combate à desinformação | Augmented Democracy: Artificial Intelligence as a Tool to Fight Disinformation,,,2024,pt,Estudos Avançados,0103-4014,Human Sciences,Human Sciences,Tecnologias IA/ML/DL - Foco Central,True,False,False,False,False,IA em sentido estrito
S0103-40142024000200349,"Estatísticas Públicas, Big Data e Inteligência Artificial: o caso da Plataforma Global da ONU",,,2024,pt,Estudos Avançados,0103-4014,Human Sciences,Human Sciences,Tecnologias IA/ML/DL - Foco Central,True,False,False,False,True,"IA em sentido estrito; Tecnologias correlatas (robótica, NLP, big data…)"
S0101-31732021000400375,Opinião pública e tecnologia: os impactos do Big Data nos estudos de opinião pública sob o olhar do pragmatismo | Public opinion and technology: the impacts of big data in public opinion studies under the look of pragmatism,,,2021,pt,Trans/Form/Ação,0101-3173,Human Sciences,Human Sciences,Tecnologias IA/ML/DL - Correlato,False,False,False,False,True,"Tecnologias correlatas (robótica, NLP, big data…)"
S0101-31732023000700367,Hábitos e racionalidade: um estudo filosófico-interdisciplinar sobre autonomia na era dos Big Data | Habits and rationality: An interdisciplinary philosophical study on autonomy in the Big Data era,,,2023,pt,Trans/Form/Ação,0101-3173,Human Sciences,Human Sciences,Tecnologias IA/ML/DL - Correlato,False,False,False,False,True,"Tecnologias correlatas (robótica, NLP, big data…)"
S0101-31732023000700387,Comentário a &#8220;Hábitos e racionalidade: um estudo filosófico-interdisciplinar sobre autonomia na era dos Big Data&#8221;: buscando o equilíbrio no fio da navalha digital,,,2023,pt,Trans/Form/Ação,0101-3173,Human Sciences,Human Sciences,Tecnologias IA/ML/DL - Correlato,False,False,False,False,True,"Tecnologias correlatas (robótica, NLP, big data…)"
S0101-31732024000400208,Exploring the data turn of philosophy of language in the era of big data | Analisi del data turn nella filosofia del linguaggio nell&#8217;era dei big data,,,2024,en,Trans/Form/Ação,0101-3173,Human Sciences,Human Sciences,Tecnologias IA/ML/DL - Correlato,False,False,False,False,True,"Tecnologias correlatas (robótica, NLP, big data…)"
S0101-31732024000400410,Comment on &#8220;Exploring the data turn of philosophy of language in the era of Big Data&#8221;,,,2024,en,Trans/Form/Ação,0101-3173,Human Sciences,Human Sciences,Tecnologias IA/ML/DL - Correlato,False,False,False,False,True,"Tecnologias correlatas (robótica, NLP, big data…)"
S0101-31732024000200213,Transformation of educational philosophy: an evaluation of higher education management innovation against the background of Big Data | Transformação da filosofia educacional: uma avaliação da inovação na gestão do ensino superior no contexto do Big Data,,,2024,en,Trans/Form/Ação,0101-3173,Human Sciences,Human Sciences,Tecnologias IA/ML/DL - Correlato,False,False,False,False,True,"Tecnologias correlatas (robótica, NLP, big data…)"
S0101-31732024000300211,Por trás da inteligência artificial: uma análise das bases epistemológicas do aprendizado de máquina | Behind artificial intelligence: an analysis of the epistemological bases of machine learning,,,2024,pt,Trans/Form/Ação,0101-3173,Human Sciences,Human Sciences,Tecnologias IA/ML/DL - Foco Central,True,True,False,False,False,Aprendizado de máquina (ML); IA em sentido estrito
S0101-31732024000300416,Comentário a &#8220;Por trás da inteligência artificial: uma análise das bases epistemológicas do aprendizado de máquina&#8221;,,,2024,pt,Trans/Form/Ação,0101-3173,Human Sciences,Human Sciences,Tecnologias IA/ML/DL - Foco Central,True,True,False,False,False,Aprendizado de máquina (ML); IA em sentido estrito
S0101-31732024000600222,The breakthrough of philosophy of mind in the construction of artificial intelligence concepts in Marxist philosophy | O avanço da filosofia da mente na construção de conceitos de inteligência artificial na filosofia marxista,,,2024,en,Trans/Form/Ação,0101-3173,Human Sciences,Human Sciences,Tecnologias IA/ML/DL - Foco Central,True,False,False,False,False,IA em sentido estrito
S0104-026X2024000200602,"Corpos, identidades, teoria queer e inteligência artificial: diálogos | Bodies, identities, queer theory and artificial intelligence: dialogues | Cuerpos, identidades, teoría queer e inteligencia artificial: diálogos",,,2024,pt,Revista Estudos Feministas,0104-026X,Human Sciences,Human Sciences,Tecnologias IA/ML/DL - Foco Central,True,False,False,False,False,IA em sentido estrito
S0103-20702023000300239,"Sabina Leonelli, A pesquisa científica na era do big data: cinco maneiras como o big data prejudica a ciência, e como podemos salvá-la. Tradução de Carla Cristina Munhoz Xavier. Rio de Janeiro, Editora Fiocruz, 2022.",,,2023,pt,Tempo Social,0103-2070,Human Sciences,Human Sciences,Tecnologias IA/ML/DL - Correlato,False,False,False,False,True,"Tecnologias correlatas (robótica, NLP, big data…)"
S0101-90742023000100207,História mais do que humana: descrevendo o futuro como atualização repetidora da Inteligência Artificial | More-than-human history: Describing the future as a repeating update of Artificial Intelligence,,,2023,pt,História (São Paulo),0101-9074,Human Sciences,Human Sciences,Tecnologias IA/ML/DL - Foco Central,True,False,False,False,False,IA em sentido estrito
S2318-04982023000100200,HERE COME THE ROBOTS | LÁ VÊM OS ROBÔS | AQUÍ VIENEN LOS ROBOTS,,,2023,en,Revista Brasileira de Psicodrama,2318-0498,Human Sciences,Human Sciences,Tecnologias IA/ML/DL - Correlato,False,False,False,False,True,"Tecnologias correlatas (robótica, NLP, big data…)"
S1808-52452024000100305,Uso de deep learning para a construção de um modelo de recuperação da informação aplicado para o setor de mineração no Brasil | Use of deep learning to build an information retrieval model applied to the mining sector in Brazil,,,2024,pt,Em Questão,1808-5245,Applied Social Sciences,Applied Social Sciences,Tecnologias IA/ML/DL - Foco Central,False,False,True,False,False,Aprendizado profundo & redes neurais
S1808-52452024000100358,"Aprimorando a classificação de descrições de produtos em português com a utilização de técnicas da recuperação de informação: uma abordagem de agrupamento de descrições | Product description classification in portuguese: performance assessment of machine learning algorithms, preprocessing and attribute extraction",,,2024,pt,Em Questão,1808-5245,Applied Social Sciences,Applied Social Sciences,Tecnologias IA/ML/DL - Foco Central,False,True,False,False,False,Aprendizado de máquina (ML)
S1806-11172021000500205,"Machine Learning na Física, Química, e Ciência de Materiais: Descoberta e Design de Materiais | Machine Learning in Physics, Chemistry, and Materials Science: Materials Discovery and Design",,,2021,pt,Revista Brasileira de Ensino de Física,1806-1117,Human Sciences,Human Sciences,Tecnologias IA/ML/DL - Foco Central,False,True,False,False,False,Aprendizado de máquina (ML)
S1806-11172020000100501,Contribuições da Engenharia Didática como elemento norteador no Ensino de Física: estudando o fenômeno de Encontro de Corpos com atividades da Robótica Educacional | Contributions of Didactic Engineering as a guiding element in the Teaching of Physics: studying the phenomenon of Meeting of Bodies with activities of Educational Robotics,,,2020,pt,Revista Brasileira de Ensino de Física,1806-1117,Human Sciences,Human Sciences,Tecnologias IA/ML/DL - Correlato,False,False,False,False,True,"Tecnologias correlatas (robótica, NLP, big data…)"
S1806-11172022000100725,Learning Deep Learning,,,2022,en,Revista Brasileira de Ensino de Física,1806-1117,Human Sciences,Human Sciences,Tecnologias IA/ML/DL - Foco Central,False,False,True,False,False,Aprendizado profundo & redes neurais
S1806-11172022000100472,Introduzindo aprendizado de máquina em cursos de física: o caso do rolamento no plano inclinado | Inserting machine learning in physics courses: the case of rolling on an inclined plane,,,2022,pt,Revista Brasileira de Ensino de Física,1806-1117,Human Sciences,Human Sciences,Tecnologias IA/ML/DL - Foco Central,False,True,False,False,False,Aprendizado de máquina (ML)
S1806-11172023000100611,Ensino de física mediado pelo Machine Learning: O caso do pêndulo simples | Physics teaching mediated by Machine Learning: The case of the simple pendulum,,,2023,pt,Revista Brasileira de Ensino de Física,1806-1117,Human Sciences,Human Sciences,Tecnologias IA/ML/DL - Foco Central,False,True,False,False,False,Aprendizado de máquina (ML)
S1806-11172023000100477,Using neural networks to predict the range of projectile motions in viscous medium,,,2023,en,Revista Brasileira de Ensino de Física,1806-1117,Human Sciences,Human Sciences,Tecnologias IA/ML/DL - Foco Central,False,False,True,False,False,Aprendizado profundo & redes neurais
S1806-11172024000100466,"Introdução ao aprendizado de máquina quântico, suas aplicações e vantagens | Introduction to quantum machine learning, its applications and advantages",,,2024,pt,Revista Brasileira de Ensino de Física,1806-1117,Human Sciences,Human Sciences,Tecnologias IA/ML/DL - Foco Central,False,True,False,False,False,Aprendizado de máquina (ML)
S1983-80422022000100082,Desafios bioéticos do uso da inteligência artificial em hospitais | Bioethical challenges related to the use of artificial intelligence in hospitals | Desafíos bioéticos del uso de la inteligencia artificial en los hospitales,,,2022,pt,Revista Bioética,1983-8042,Health Sciences; Human Sciences,Health Sciences; Human Sciences,Tecnologias IA/ML/DL - Foco Central,True,False,False,False,False,IA em sentido estrito
S1983-80422023000100544,Artificial intelligence in health and bioethical implications: a systematic review | Inteligencia artificial en salud y sus implicaciones bioéticas: una revisión sistemática | Inteligência artificial em saúde e implicações bioéticas: uma revisão sistemática,,,2023,en,Revista Bioética,1983-8042,Health Sciences; Human Sciences,Health Sciences; Human Sciences,Tecnologias IA/ML/DL - Foco Central,True,False,False,False,False,IA em sentido estrito
S1983-80422024000100503,Bioética e inteligência artificial: panorama atual da literatura | Bioethics and artificial intelligence: a current overview of the literature | Bioética e inteligencia artificial: panorama actual de la literatura,,,2024,pt,Revista Bioética,1983-8042,Health Sciences; Human Sciences,Health Sciences; Human Sciences,Tecnologias IA/ML/DL - Foco Central,True,False,False,False,False,IA em sentido estrito
S1983-80422024000100215,Robots cuidadores en salud | Care robots in healthcare | Robôs cuidadores na saúde,,,2024,es,Revista Bioética,1983-8042,Health Sciences; Human Sciences,Health Sciences; Human Sciences,Tecnologias IA/ML/DL - Correlato,False,False,False,False,True,"Tecnologias correlatas (robótica, NLP, big data…)"
S1983-80422024000100216,Inteligência artificial: desafios éticos e futuros | Artificial intelligence: ethical and future challenges | Inteligencia artificial: desafíos éticos y futuros,,,2024,pt,Revista Bioética,1983-8042,Health Sciences; Human Sciences,Health Sciences; Human Sciences,Tecnologias IA/ML/DL - Foco Central,True,False,False,False,False,IA em sentido estrito
S1415-65552023000300802,Nuveo: Ética Digital e Inteligência Artificial para Desafios do Mundo Real | Nuveo: Digital Ethics and Artificial Intelligence for Real World Challenges,,,2023,pt,Revista de Administração Contemporânea,1415-6555,Applied Social Sciences,Applied Social Sciences,Tecnologias IA/ML/DL - Foco Central,True,False,False,False,False,IA em sentido estrito
S1415-65552023000300601,Using Deep Learning Language Models as Scaffolding Tools in Interpretive Research | Usando Modelos de Linguagem Baseados em Aprendizado Profundo como Ferramentas de Auxílio em Pesquisa Interpretativa,,,2023,en,Revista de Administração Contemporânea,1415-6555,Applied Social Sciences,Applied Social Sciences,Tecnologias IA/ML/DL - Foco Central,False,False,True,True,False,Aprendizado profundo & redes neurais; Modelos de linguagem & IA generativa
S1415-65552024000400401,Decoding Consumer Sentiments: Advanced NLP Techniques for Analyzing Smartphone Reviews | Decodificação de Sentimentos dos Consumidores: Técnicas Avançadas de PLN para a Análise de Avaliações de Smartphones,,,2024,en,Revista de Administração Contemporânea,1415-6555,Applied Social Sciences,Applied Social Sciences,Tecnologias IA/ML/DL - Correlato,False,False,False,False,True,"Tecnologias correlatas (robótica, NLP, big data…)"
S0001-37652021000101208,An evaluation of machine learning methods for speed-bump detection on a GoPro dataset,,,2021,en,Anais da Academia Brasileira de Ciências,0001-3765,Agricultural Sciences; Biological Sciences; Engineering; Exact and Earth Sciences; Health Sciences; Human Sciences,Agricultural Sciences; Biological Sciences; Engineering; Exact and Earth Sciences; Health Sciences; Human Sciences,Tecnologias IA/ML/DL - Foco Central,False,True,False,False,False,Aprendizado de máquina (ML)
S0001-37652021000101506,Generalizability of machine learning models and empirical equations for the estimation of reference evapotranspiration from temperature in a semiarid region,,,2021,en,Anais da Academia Brasileira de Ciências,0001-3765,Agricultural Sciences; Biological Sciences; Engineering; Exact and Earth Sciences; Health Sciences; Human Sciences,Agricultural Sciences; Biological Sciences; Engineering; Exact and Earth Sciences; Health Sciences; Human Sciences,Tecnologias IA/ML/DL - Foco Central,False,True,False,False,False,Aprendizado de máquina (ML)
S0001-37652021000200414,Big Data Research Infrastructure Collaboration Toward the SKA (BRICSKA),,,2021,en,Anais da Academia Brasileira de Ciências,0001-3765,Agricultural Sciences; Biological Sciences; Engineering; Exact and Earth Sciences; Health Sciences; Human Sciences,Agricultural Sciences; Biological Sciences; Engineering; Exact and Earth Sciences; Health Sciences; Human Sciences,Tecnologias IA/ML/DL - Correlato,False,False,False,False,True,"Tecnologias correlatas (robótica, NLP, big data…)"
S0001-37652022000401001,A big data approach to identify the loss of coastal cultural ecosystem services caused by the 2019 Brazilian oil spill disaster,,,2022,en,Anais da Academia Brasileira de Ciências,0001-3765,Agricultural Sciences; Biological Sciences; Engineering; Exact and Earth Sciences; Health Sciences; Human Sciences,Agricultural Sciences; Biological Sciences; Engineering; Exact and Earth Sciences; Health Sciences; Human Sciences,Tecnologias IA/ML/DL - Correlato,False,False,False,False,True,"Tecnologias correlatas (robótica, NLP, big data…)"
S0001-37652022000201125,"Iceberg drift and melting rates in the northwestern Weddell Sea, Antarctica: Novel automated regional estimates through machine learning",,,2022,en,Anais da Academia Brasileira de Ciências,0001-3765,Agricultural Sciences; Biological Sciences; Engineering; Exact and Earth Sciences; Health Sciences; Human Sciences,Agricultural Sciences; Biological Sciences; Engineering; Exact and Earth Sciences; Health Sciences; Human Sciences,Tecnologias IA/ML/DL - Foco Central,False,True,False,False,False,Aprendizado de máquina (ML)
S0001-37652022000701701,Contact Failure Identification in Multilayered Media via Artificial Neural Networks and Autoencoders,,,2022,en,Anais da Academia Brasileira de Ciências,0001-3765,Agricultural Sciences; Biological Sciences; Engineering; Exact and Earth Sciences; Health Sciences; Human Sciences,Agricultural Sciences; Biological Sciences; Engineering; Exact and Earth Sciences; Health Sciences; Human Sciences,Tecnologias IA/ML/DL - Foco Central,False,False,True,False,False,Aprendizado profundo & redes neurais
S0001-37652023000300705,Modeling of the Rating of Perceived Exertion Based on Heart Rate Using Machine Learning Methods,,,2023,en,Anais da Academia Brasileira de Ciências,0001-3765,Agricultural Sciences; Biological Sciences; Engineering; Exact and Earth Sciences; Health Sciences; Human Sciences,Agricultural Sciences; Biological Sciences; Engineering; Exact and Earth Sciences; Health Sciences; Human Sciences,Tecnologias IA/ML/DL - Foco Central,False,True,False,False,False,Aprendizado de máquina (ML)
S0001-37652023000301601,Use of machine learning as a tool for determining fire management units in the brazilian atlantic forest,,,2023,en,Anais da Academia Brasileira de Ciências,0001-3765,Agricultural Sciences; Biological Sciences; Engineering; Exact and Earth Sciences; Health Sciences; Human Sciences,Agricultural Sciences; Biological Sciences; Engineering; Exact and Earth Sciences; Health Sciences; Human Sciences,Tecnologias IA/ML/DL - Foco Central,False,True,False,False,False,Aprendizado de máquina (ML)
S0001-37652023000200101,Artificial Intelligence in scientific publications?,,,2023,en,Anais da Academia Brasileira de Ciências,0001-3765,Agricultural Sciences; Biological Sciences; Engineering; Exact and Earth Sciences; Health Sciences; Human Sciences,Agricultural Sciences; Biological Sciences; Engineering; Exact and Earth Sciences; Health Sciences; Human Sciences,Tecnologias IA/ML/DL - Foco Central,True,False,False,False,False,IA em sentido estrito
S0001-37652023000401703,Classifiers based on artificial intelligence in the prediction of recently planted coffee cultivars using a Remotely Piloted Aircraft System,,,2023,en,Anais da Academia Brasileira de Ciências,0001-3765,Agricultural Sciences; Biological Sciences; Engineering; Exact and Earth Sciences; Health Sciences; Human Sciences,Agricultural Sciences; Biological Sciences; Engineering; Exact and Earth Sciences; Health Sciences; Human Sciences,Tecnologias IA/ML/DL - Foco Central,True,False,False,False,False,IA em sentido estrito
S0001-37652023000501003,Artificial intelligence to explain the variables that favor the cyanobacteria steady-state in tropical ecosystems: A Bayeasian network approach,,,2023,en,Anais da Academia Brasileira de Ciências,0001-3765,Agricultural Sciences; Biological Sciences; Engineering; Exact and Earth Sciences; Health Sciences; Human Sciences,Agricultural Sciences; Biological Sciences; Engineering; Exact and Earth Sciences; Health Sciences; Human Sciences,Tecnologias IA/ML/DL - Foco Central,True,False,False,False,False,IA em sentido estrito
S0001-37652023000501601,"Assessing over decadal biomass burning influence on particulate matter composition in subequatorial Amazon: literature review, remote sensing, chemical speciation and machine learning application",,,2023,en,Anais da Academia Brasileira de Ciências,0001-3765,Agricultural Sciences; Biological Sciences; Engineering; Exact and Earth Sciences; Health Sciences; Human Sciences,Agricultural Sciences; Biological Sciences; Engineering; Exact and Earth Sciences; Health Sciences; Human Sciences,Tecnologias IA/ML/DL - Foco Central,False,True,False,False,False,Aprendizado de máquina (ML)
S0001-37652024000100501,Clustering honey samples with unsupervised machine learning methods using FTIR data,,,2024,en,Anais da Academia Brasileira de Ciências,0001-3765,Agricultural Sciences; Biological Sciences; Engineering; Exact and Earth Sciences; Health Sciences; Human Sciences,Agricultural Sciences; Biological Sciences; Engineering; Exact and Earth Sciences; Health Sciences; Human Sciences,Tecnologias IA/ML/DL - Foco Central,False,True,False,False,False,Aprendizado de máquina (ML)
S0001-37652024000101105,Machine learning classification based on k-Nearest Neighbors for PolSAR data,,,2024,en,Anais da Academia Brasileira de Ciências,0001-3765,Agricultural Sciences; Biological Sciences; Engineering; Exact and Earth Sciences; Health Sciences; Human Sciences,Agricultural Sciences; Biological Sciences; Engineering; Exact and Earth Sciences; Health Sciences; Human Sciences,Tecnologias IA/ML/DL - Foco Central,False,True,False,False,False,Aprendizado de máquina (ML)
S0001-37652024000101106,Machine learning-based classification of petrofacies in fine laminated limestones,,,2024,en,Anais da Academia Brasileira de Ciências,0001-3765,Agricultural Sciences; Biological Sciences; Engineering; Exact and Earth Sciences; Health Sciences; Human Sciences,Agricultural Sciences; Biological Sciences; Engineering; Exact and Earth Sciences; Health Sciences; Human Sciences,Tecnologias IA/ML/DL - Foco Central,False,True,False,False,False,Aprendizado de máquina (ML)
S0001-37652024000501802,The ChatGPT: Revolutionizing Research with AI,,,2024,en,Anais da Academia Brasileira de Ciências,0001-3765,Agricultural Sciences; Biological Sciences; Engineering; Exact and Earth Sciences; Health Sciences; Human Sciences,Agricultural Sciences; Biological Sciences; Engineering; Exact and Earth Sciences; Health Sciences; Human Sciences,Tecnologias IA/ML/DL - Foco Central,False,False,False,True,False,Modelos de linguagem & IA generativa
S0001-37652024000200606,Determination of prognostic markers for COVID-19 disease severity using routine blood tests and machine learning,,,2024,en,Anais da Academia Brasileira de Ciências,0001-3765,Agricultural Sciences; Biological Sciences; Engineering; Exact and Earth Sciences; Health Sciences; Human Sciences,Agricultural Sciences; Biological Sciences; Engineering; Exact and Earth Sciences; Health Sciences; Human Sciences,Tecnologias IA/ML/DL - Foco Central,False,True,False,False,False,Aprendizado de máquina (ML)
S0001-37652024000501601,Artificial Neural Network and Remote Sensing combined to predict the Aboveground Biomass in the Cerrado biome,,,2024,en,Anais da Academia Brasileira de Ciências,0001-3765,Agricultural Sciences; Biological Sciences; Engineering; Exact and Earth Sciences; Health Sciences; Human Sciences,Agricultural Sciences; Biological Sciences; Engineering; Exact and Earth Sciences; Health Sciences; Human Sciences,Tecnologias IA/ML/DL - Foco Central,False,False,True,False,False,Aprendizado profundo & redes neurais
S0001-37652024000601703,AmpClass: an Antimicrobial Peptide Predictor Based on Supervised Machine Learning,,,2024,en,Anais da Academia Brasileira de Ciências,0001-3765,Agricultural Sciences; Biological Sciences; Engineering; Exact and Earth Sciences; Health Sciences; Human Sciences,Agricultural Sciences; Biological Sciences; Engineering; Exact and Earth Sciences; Health Sciences; Human Sciences,Tecnologias IA/ML/DL - Foco Central,False,True,False,False,False,Aprendizado de máquina (ML)
S0001-37652024000601709,Physics-Informed Neural Network for monitoring the sulfate ion adsorption process using particle filter,,,2024,en,Anais da Academia Brasileira de Ciências,0001-3765,Agricultural Sciences; Biological Sciences; Engineering; Exact and Earth Sciences; Health Sciences; Human Sciences,Agricultural Sciences; Biological Sciences; Engineering; Exact and Earth Sciences; Health Sciences; Human Sciences,Tecnologias IA/ML/DL - Foco Central,False,False,True,False,False,Aprendizado profundo & redes neurais
S0001-37652024000701703,Addressing Gearbox Health Monitoring Challenges for Helicopters: A Machine Learning Approach,,,2024,en,Anais da Academia Brasileira de Ciências,0001-3765,Agricultural Sciences; Biological Sciences; Engineering; Exact and Earth Sciences; Health Sciences; Human Sciences,Agricultural Sciences; Biological Sciences; Engineering; Exact and Earth Sciences; Health Sciences; Human Sciences,Tecnologias IA/ML/DL - Foco Central,False,True,False,False,False,Aprendizado de máquina (ML)
S0034-71402023000100200,Combinando Inteligência Artificial e imagens de satélite para a previsão de sinistros agrícolas: Uma nota,,,2023,pt,Revista Brasileira de Economia,0034-7140,Applied Social Sciences,Applied Social Sciences,Tecnologias IA/ML/DL - Foco Central,True,False,False,False,False,IA em sentido estrito
S0034-76122022000300426,Identificação de evasão fiscal utilizando dados abertos e inteligência artificial | Identificación de la evasión fiscal mediante datos abiertos e inteligencia artificial | Tax evasion identification using open data and artificial intelligence,,,2022,pt,Revista de Administração Pública,0034-7612,Applied Social Sciences,Applied Social Sciences,Tecnologias IA/ML/DL - Foco Central,True,False,False,False,False,IA em sentido estrito
S1679-39512023000100101,ChatGPT: um museu de grandes novidades | ChatGPT: a museum of great novelties,,,2023,pt,Cadernos EBAPE.BR,1679-3951,Applied Social Sciences,Applied Social Sciences,Tecnologias IA/ML/DL - Foco Central,False,False,False,True,False,Modelos de linguagem & IA generativa
S1679-39512023000200616,"Dimensões do uso de tecnologia e Inteligência Artificial (IA) em Recrutamento e Seleção (R&amp;S): benefícios, tendências e resistências | Dimensiones del uso de tecnología e inteligencia artificial en reclutamiento y selección: beneficios, tendencias y resistencias | Dimensions of the use of technology and Artificial Intelligence (AI) in Recruitment and Selection (R&amp;S): benefits, trends, and resistance",,,2023,pt,Cadernos EBAPE.BR,1679-3951,Applied Social Sciences,Applied Social Sciences,Tecnologias IA/ML/DL - Foco Central,True,False,False,False,False,IA em sentido estrito
S1983-46592022000500841,Decision-making in agribusiness based on artificial intelligence | Tomada de decisão no agronegócio baseada em inteligência artificial,,,2022,en,Revista de Administração da UFSM,1983-4659,Applied Social Sciences,Applied Social Sciences,Tecnologias IA/ML/DL - Foco Central,True,False,False,False,False,IA em sentido estrito
S1516-73132021000100248,Impactos da robótica no ensino básico: estudo comparativo entre escolas públicas e privadas | The impacts of robotics on basic education: a comparative study between public and private schools,,,2021,pt,Ciência & Educação (Bauru),1516-7313,Human Sciences,Human Sciences,Tecnologias IA/ML/DL - Correlato,False,False,False,False,True,"Tecnologias correlatas (robótica, NLP, big data…)"
S1516-73132022000100225,"Colaboração educativa: uma proposta metodológica para ensino e pesquisa baseados na robótica pedagógica, epistemologia genética e educação libertadora | Educational collaboration: a methodological proposal for teaching and research based on pedagogical robotics, genetic epistemology and liberating education",,,2022,pt,Ciência & Educação (Bauru),1516-7313,Human Sciences,Human Sciences,Tecnologias IA/ML/DL - Correlato,False,False,False,False,True,"Tecnologias correlatas (robótica, NLP, big data…)"
S1516-73132023000100203,Engajamento docente no Programa de Robótica na Escola da Prefeitura do Recife | Teacher engagement in the Robotics Program at School of the city of Recife,,,2023,pt,Ciência & Educação (Bauru),1516-7313,Human Sciences,Human Sciences,Tecnologias IA/ML/DL - Correlato,False,False,False,False,True,"Tecnologias correlatas (robótica, NLP, big data…)"
S1516-73132024000100202,Propuesta pedagógica para transformar el clima de aula y propiciar el aprendizaje profundo de las Ciencias | A pedagogical proposal to transform classroom climate and foster deep learning for Sciences,,,2024,es,Ciência & Educação (Bauru),1516-7313,Human Sciences,Human Sciences,Tecnologias IA/ML/DL - Foco Central,False,False,True,False,False,Aprendizado profundo & redes neurais
S1516-73132024000100208,Aspectos da interdisciplinaridade em dissertações e teses que versam sobre a Robótica Educacional com alunos de escolas públicas de Educação Básica | Aspects of interdisciplinarity in dissertations and theses on Educational Robotics with students in public Basic Education schools,,,2024,pt,Ciência & Educação (Bauru),1516-7313,Human Sciences,Human Sciences,Tecnologias IA/ML/DL - Correlato,False,False,False,False,True,"Tecnologias correlatas (robótica, NLP, big data…)"
S0102-46982024000100404,REFLEXÕES SOBRE A APLICAÇÃO DA INTELIGÊNCIA ARTIFICIAL NA EDUCAÇÃO E SEUS IMPACTOS PARA A ATUAÇÃO DOCENTE | REFLECTIONS ON THE APPLICATION OF ARTIFICIAL INTELLIGENCE IN EDUCATION AND ITS IMPACTS ON TEACHING PRACTICE | REFLEXIONES SOBRE LA APLICACIÓN DE LA INTELIGENCIA ARTIFICIAL EN LA EDUCACIÓN Y SUS IMPACTOS EN LA PRÁCTICA DOCENTE,,,2024,pt,Educação em Revista,0102-4698,Human Sciences,Human Sciences,Tecnologias IA/ML/DL - Foco Central,True,False,False,False,False,IA em sentido estrito
S0102-46982024000100209,APLICAÇÃO DE TÉCNICAS DE INTELIGÊNCIA ARTIFICIAL PARA CLASSIFICAÇÃO DE FUGA AO TEMA EM REDAÇÕES | APLICACIÓN DE TÉCNICAS DE INTELIGENCIA ARTIFICIAL PARA CLASIFICACIÓN DE ESCAPE DE LA SUJECIÓN EN ENSAYOS | APPLICATION OF ARTIFICIAL INTELLIGENCE TECHNIQUES FOR CLASSIFICATION OF ESCAPE FROM THE TOPIC IN ESSAYS,,,2024,pt,Educação em Revista,0102-4698,Human Sciences,Human Sciences,Tecnologias IA/ML/DL - Foco Central,True,False,False,False,False,IA em sentido estrito
S0102-46982024000100406,INTELIGÊNCIA ARTIFICIAL GENERATIVA NO CONTEXTO DA TRANSFORMAÇÃO DO TRABALHO DOCENTE | GENERATIVE ARTIFICIAL INTELLIGENCE IN THE CONTEXT OF THE TRANSFORMATION OF TEACHING WORK | INTELIGENCIA ARTIFICIAL GENERATIVA EN EL CONTEXTO DE LA TRANSFORMACIÓN DEL TRABAJO DOCENTE,,,2024,pt,Educação em Revista,0102-4698,Human Sciences,Human Sciences,Tecnologias IA/ML/DL - Foco Central,True,False,False,False,False,IA em sentido estrito
S0034-75902024000400306,A COMPREHENSIVE DEEP LEARNING ALGORITHM TO UNDERSTAND THE ROLE OF SOCIAL MEDIA IN CONSUMER PERCEPTION OF GREEN CONSUMPTION | Un algoritmo de aprendizaje profundo comprensivo para comprender el papel de las redes sociales en la percepción del consumidor hacia el consumo verde | ALGORITMO DE APRENDIZAGEM PROFUNDA COMPREENSIVA PARA COMPREENDER O PAPEL DAS REDES SOCIAIS NA PERCEPÇÃO DO CONSUMIDOR EM RELAÇÃO AO CONSUMO SUSTENTÁVEL,,,2024,en,Revista de Administração de Empresas,0034-7590,Applied Social Sciences,Applied Social Sciences,Tecnologias IA/ML/DL - Foco Central,False,False,True,False,False,Aprendizado profundo & redes neurais
